Configuration,AUC,Youdens_J,F1,AUC_CI_lower,AUC_CI_upper,Youdens_J_CI_lower,Youdens_J_CI_upper,F1_CI_lower,F1_CI_upper
All Components,0.4968865856390302,0.0038025750478842824,0.024755700325732898,0.48750901919043754,0.5054412817259236,0.0013415021986957828,0.013504808980912626,0.02085846357032798,0.41807712477057346
Without meta_learning_adaptation,0.5162182429218274,0.04319532081759214,0.36812472932005197,0.4989505470787261,0.5339771350090352,0.020792731931442317,0.0769483648146199,0.3427169709531787,0.39855217839561413
Without domain_adversarial_loss,0.5000808556478141,0.002120651727982814,0.40475853278572443,0.4927421928818782,0.5078366478523992,0.0008439630791082959,0.016576439159584632,0.00952474816418754,0.419382408413805
Without feature_alignment,0.49989397527893625,0.0004646840148698761,0.40711135611907384,0.4990751767682751,0.500468290878009,0.0,0.001168545179270225,0.0,0.42082539238654676
Without temporal_stability,0.5000808556478141,0.002120651727982814,0.40475853278572443,0.4927421928818782,0.5078366478523992,0.0008439630791082959,0.016576439159584632,0.00952474816418754,0.419382408413805
