Category,AUC,Youdens_J,F1,AUC_CI_lower,AUC_CI_upper,Youdens_J_CI_lower,Youdens_J_CI_upper,F1_CI_lower,F1_CI_upper
All Features,0.458314902230735,0.030212011688517615,0.2388295769078687,0.44157040442341583,0.4758763207297567,0.013624815565018641,0.0554809140867694,0.20232206804837258,0.2750987022542215
Drop clinical_conditions,0.5879647312068823,0.13707486289147353,0.41289764120320277,0.5711531596526837,0.6051232480247929,0.1159995133210731,0.1700776576248918,0.3772756849315068,0.43336766777835245
Drop demographics,0.4226166618006458,0.004074086425563728,0.40357194296413657,0.40716650449091457,0.43761407998665897,0.0,0.018144514378138705,0.0,0.41817188520380727
Drop geographic,0.6224156867507481,0.19290427194680282,0.4345210550670986,0.606436559128871,0.6388425918885368,0.16665962122994288,0.22200460313771198,0.4155053109956929,0.45242695600054034
Drop healthcare_utilization,0.4579076351642156,0.030212011688517615,0.2388295769078687,0.4411345557419042,0.4754730618373863,0.01310191774829819,0.05536767463033928,0.2007076355325765,0.273184972025717
Drop medicaid_characteristics,0.45092274541734095,0.025352807484275708,0.23644933228593873,0.4338081745773463,0.4689475397836821,0.00869772851673601,0.05060722170088934,0.17120402874439752,0.27185638408134
Drop temporal,0.4370398778796566,0.02206006347640277,0.23598130841121495,0.42034290345900377,0.45492608292180337,0.004515447813006303,0.04613334389323011,0.16080815418649647,0.2703180093307651
