Model,BrierScore,HosmerLemeshowP,ECE,OptimalThreshold
source_only,0.7429878353996378,0.0,0.7435186709560059,0.9999185402011687
target_only,0.2163586954604491,0.0,0.21460039309304696,0.48842162959353463
prototypical_networks,0.25041057354938434,0.0,0.24402259110043442,0.49512019753456116
domain_adversarial,0.19397946800457416,0.0,0.03851806027777694,0.19383159279823303
causal_transfer,0.17079894091399725,0.006313824407619517,0.025889859390521533,0.2646950256954916
tabtransformer,0.2163771383567999,0.0,0.1343258786028262,0.22767220437526703
enhanced_maml,0.24151422018681776,0.0,0.2210238375655096,0.4793015718460083
meta_ensemble,0.16962255791782457,0.34569107619658435,0.010974106316941906,0.2523341361273629
