Category,AUC,Youdens_J,F1,AUC_CI_lower,AUC_CI_upper,Youdens_J_CI_lower,Youdens_J_CI_upper,F1_CI_lower,F1_CI_upper
All Features,0.6513113235202863,0.215731731063451,0.4482350954230704,0.6393455381879227,0.6624715763183346,0.200194643903046,0.23599376798215976,0.4338585209892989,0.5046919173657585
Drop clinical_conditions,0.6513113235202863,0.215731731063451,0.4482350954230704,0.6393455381879227,0.6624715763183348,0.200194643903046,0.23599376798215976,0.4338585209892989,0.5046919173657585
Drop demographics,0.6060263364552775,0.2204536341013017,0.45955642530984997,0.592953174261779,0.6177142590318664,0.20122790151430062,0.23993050154853296,0.444256835525662,0.4760263059470667
Drop geographic,0.6513113235202863,0.215731731063451,0.4482350954230704,0.6393455381879227,0.6624715763183348,0.200194643903046,0.23599376798215976,0.4338585209892989,0.5046919173657585
Drop healthcare_utilization,0.5779601229947554,0.13105472068336121,0.5005546032066149,0.566090354819013,0.5887922631018038,0.11391312264144882,0.15105948168168232,0.4776847639607117,0.5150765484452655
Drop medicaid_characteristics,0.6586832414296321,0.22095263161273349,0.49245674740484435,0.6470842117080962,0.6695433225989443,0.20435555144964412,0.24181942681273705,0.44145621789049516,0.5164258457967629
Drop temporal,0.6518608413200752,0.21500347714818213,0.4445205479452055,0.6400854142124627,0.6634287737856353,0.19911442736914203,0.23554366069034247,0.4280349405879665,0.5019696459568439
