Configuration,AUC,Youdens_J,F1,AUC_CI_lower,AUC_CI_upper,Youdens_J_CI_lower,Youdens_J_CI_upper,F1_CI_lower,F1_CI_upper
All Components,0.5894440628497208,0.13610751984114255,0.4300272714224199,0.5773264500776611,0.6013926213815509,0.12069218286133641,0.1569223488987073,0.37007319732022487,0.4654923223612119
Without meta_learning_adaptation,0.6069857297838605,0.17062381108279467,0.46087918164224495,0.5952461109684987,0.618587340170358,0.15324058751826244,0.19210564591078674,0.44264282234618374,0.47938585460007355
Without domain_adversarial_loss,0.589625174124882,0.1328247923875061,0.46745419479267114,0.5773856781962883,0.6014848895377221,0.11681117723962348,0.15371730612509582,0.36645471489975356,0.4852894445967428
Without feature_alignment,0.5905887186334486,0.14313743615420993,0.42539871813981217,0.5779463397588632,0.6027435581249472,0.1255970333757918,0.16526319638007492,0.3830338257226489,0.4595678041730427
Without temporal_stability,0.589625174124882,0.1328247923875061,0.46745419479267114,0.5773856781962883,0.6014848895377221,0.11681117723962348,0.15371730612509582,0.36645471489975356,0.4852894445967428
